<?xml version ="1.0" encoding = "utf-8"?>
<!DOCTYPE hibernate-mapping PUBLIC 
"-//Hibernate/Hibernate Mapping DTD//EN"
"http://www.hibernate.org/dtd/hibernate-mapping-3.0.dtd"> 

<hibernate-mapping>
	<class name="com.HibernateDemo.pojo.BookInfo" table="book_info">
		<id name="pkBookId">
			<generator class="identity"></generator>
		</id>
		<property name="bookName"></property>
		<property name="publication"></property>
		
		<!-- One to Many relation with BorrowInfo -->
		<set name="borrowInfo" table="BorrowInfo" lazy="true" cascade="all">
			<key>
				<column name="fkBookId" not-null="true"></column>
			</key>
			<one-to-many class="com.HibernateDemo.pojo.BorrowInfo" />
		</set>
	</class>
</hibernate-mapping>