<?xml version ="1.0" encoding = "utf-8"?>
<!DOCTYPE hibernate-mapping PUBLIC 
"-//Hibernate/Hibernate Mapping DTD//EN"
"http://www.hibernate.org/dtd/hibernate-mapping-3.0.dtd"> 

<hibernate-mapping>
	<class name="com.HibernateDemo.pojo.BorrowInfo" table="borrow_info">
		<id name="pkBorrowId">
			<generator class="identity"></generator>
		</id>
		
		<many-to-one name="bookInfo" class="com.HibernateDemo.pojo.BookInfo" cascade="all">
			<column name="fkBookId"></column>
		</many-to-one>
		
		<many-to-one name="userInfo" class="com.HibernateDemo.pojo.UserInfo" cascade="all">
			<column name="fkUserId"></column>
		</many-to-one>
	</class>
</hibernate-mapping>