<?xml version = "1.0" encoding = "utf-8"?>
<!DOCTYPE hibernate-configuration SYSTEM 
"http://www.hibernate.org/dtd/hibernate-configuration-3.0.dtd">

<hibernate-configuration>
	<session-factory>
		<property name = "hibernate.dialect">org.hibernate.dialect.MySQLDialect</property>
      	<property name = "hibernate.connection.driver_class">com.mysql.jdbc.Driver</property>
   		<property name = "hibernate.connection.url">jdbc:mysql://localhost:3306/hb_testdb</property>
     	<property name = "hibernate.connection.username">root</property>
        <property name = "hibernate.connection.password">root</property>
		<property name = "show_sql">true</property>
		<!-- <property name = "format_sql">true</property> -->
		      
		<mapping resource = "com/HibernateDemo/pojo/UserInfo.hbm.xml"/>
		<mapping resource = "com/HibernateDemo/pojo/BookInfo.hbm.xml"/>
		<mapping resource = "com/HibernateDemo/pojo/BorrowInfo.hbm.xml"/>
	</session-factory>
</hibernate-configuration>